{"vPos":{"x":1.9265340566635132,"y":0.0,"z":-2.6256051063537599},"vRot":{"x":0.0,"y":-0.8444613814353943,"z":0.0,"w":0.5356165766716003},"vScale":{"x":1.0,"y":1.0,"z":1.0},"state":0,"vDir":{"x":0.0,"y":0.0,"z":0.0}}