{"vPos":{"x":-14.573348999023438,"y":0.0,"z":-9.626677513122559},"vRot":{"x":0.0,"y":0.826154887676239,"z":0.0,"w":0.5634431838989258},"vScale":{"x":1.0,"y":1.0,"z":1.0},"state":0,"vDir":{"x":0.0,"y":0.0,"z":0.0}}