{"vPos":{"x":-0.8266088366508484,"y":0.0,"z":4.542430877685547},"vRot":{"x":0.0,"y":0.06463159620761872,"z":0.0,"w":0.9979091882705689},"vScale":{"x":1.0,"y":1.0,"z":1.0},"state":0,"fRot":0.0,"vDir":{"x":0.0,"y":0.0,"z":0.0}}