{"vPos":{"x":-1.4817261695861817,"y":0.0,"z":-2.697648048400879},"vRot":{"x":0.0,"y":0.1246526688337326,"z":0.0,"w":0.9922004342079163},"vScale":{"x":1.0,"y":1.0,"z":1.0},"vDir":{"x":-0.8989835977554321,"y":0.0,"z":0.8987184166908264},"state":1}